<?xml version="1.0" encoding="UTF-8"?><ObjectRepository><Element><FullName>IEFrame_Parallax Template - Materialize - Internet Explorer</FullName><ImageName></ImageName><Property key="category" weight="100">WINCONTROL</Property><Property key="defaultAction" weight="0"></Property><Property key="description" weight="0"></Property><Property key="elementId" weight="100"></Property><Property key="elementName" weight="100"></Property><Property key="elementPath" weight="100"></Property><Property key="elementPosition" weight="0"></Property><Property key="elementTag" weight="100"></Property><Property key="elementType" weight="100"></Property><Property key="exStyle" weight="0">20000900</Property><Property key="height" weight="100">870</Property><Property key="help" weight="0"></Property><Property key="keyboardShortcut" weight="0"></Property><Property key="location" weight="0">-9,-9</Property><Property key="name" weight="100">Parallax Template - Materialize - Internet Explorer</Property><Property key="position" weight="100">0,0</Property><Property key="role" weight="100">00000009</Property><Property key="state" weight="0">00160000</Property><Property key="style" weight="0">17cf0000</Property><Property key="value" weight="0"></Property><Property key="width" weight="100">1618</Property><Property key="winClass" weight="100">IEFrame</Property><Element><FullName>-</FullName><ImageName>ac86a6a1-afee-4d81-9d93-8f115f925a4b</ImageName><Property key="category" weight="100">WINCONTROL</Property><Property key="defaultAction" weight="0">跳转</Property><Property key="description" weight="0"></Property><Property key="elementId" weight="100"></Property><Property key="elementName" weight="100"></Property><Property key="elementPath" weight="100"></Property><Property key="elementPosition" weight="0">1309,105</Property><Property key="elementTag" weight="100"></Property><Property key="elementType" weight="100"></Property><Property key="exStyle" weight="0">c0000800</Property><Property key="height" weight="100"></Property><Property key="help" weight="0"></Property><Property key="keyboardShortcut" weight="0"></Property><Property key="location" weight="0">0,69</Property><Property key="name" weight="100"></Property><Property key="position" weight="100">9,78</Property><Property key="role" weight="100">0000002a</Property><Property key="state" weight="0">00c00040</Property><Property key="style" weight="0">56000000</Property><Property key="value" weight="0"></Property><Property key="width" weight="100"></Property><Property key="winClass" weight="100">-</Property></Element><Element><FullName>A_注册</FullName><ImageName>74755df1-4198-4fa0-ab72-7d4fa7a2739c</ImageName><Property key="category" weight="100">IECONTROL</Property><Property key="className" weight="0"></Property><Property key="description" weight="100">注册</Property><Property key="disabled" weight="0">false</Property><Property key="id" weight="100">1,2,1,1,3,3,0,</Property><Property key="innerId" weight="100"></Property><Property key="innerText" weight="0">注册</Property><Property key="name" weight="100"></Property><Property key="offsetHeight" weight="100">64</Property><Property key="offsetLeft" weight="100">825</Property><Property key="offsetTop" weight="100">0</Property><Property key="offsetWidth" weight="100">60</Property><Property key="outerText" weight="0">注册</Property><Property key="readOnly" weight="0">false</Property><Property key="tagName" weight="100">A</Property><Property key="type" weight="100"></Property><Property key="urlLink" weight="0">http://localhost:8080/duanxueqi/注册.html</Property><Property key="value" weight="0"></Property></Element></Element><Element><FullName>IEFrame_注册 - Internet Explorer</FullName><ImageName></ImageName><Property key="category" weight="100">WINCONTROL</Property><Property key="defaultAction" weight="0"></Property><Property key="description" weight="0"></Property><Property key="elementId" weight="100"></Property><Property key="elementName" weight="100"></Property><Property key="elementPath" weight="100"></Property><Property key="elementPosition" weight="0"></Property><Property key="elementTag" weight="100"></Property><Property key="elementType" weight="100"></Property><Property key="exStyle" weight="0">20000900</Property><Property key="height" weight="100">870</Property><Property key="help" weight="0"></Property><Property key="keyboardShortcut" weight="0"></Property><Property key="location" weight="0">-9,-9</Property><Property key="name" weight="100">注册 - Internet Explorer</Property><Property key="position" weight="100">0,0</Property><Property key="role" weight="100">00000009</Property><Property key="state" weight="0">00160000</Property><Property key="style" weight="0">17cf0000</Property><Property key="value" weight="0"></Property><Property key="width" weight="100">1618</Property><Property key="winClass" weight="100">IEFrame</Property><Element><FullName>-OTHER</FullName><ImageName>be0c5d2b-130d-4a31-9b47-b6db568f4490</ImageName><Property key="category" weight="100">WINCONTROL</Property><Property key="defaultAction" weight="0"></Property><Property key="description" weight="0"></Property><Property key="elementId" weight="100"></Property><Property key="elementName" weight="100"></Property><Property key="elementPath" weight="100">,85,61,LI@#45,61,UL@#45,61,FORM@#415,80,DIV</Property><Property key="elementPosition" weight="0">753,269</Property><Property key="elementTag" weight="100">LI</Property><Property key="elementType" weight="100">OTHER</Property><Property key="exStyle" weight="0">40000800</Property><Property key="height" weight="100">61</Property><Property key="help" weight="0"></Property><Property key="keyboardShortcut" weight="0"></Property><Property key="location" weight="0">0,69</Property><Property key="name" weight="100"></Property><Property key="position" weight="100">9,78</Property><Property key="role" weight="100">0000002a</Property><Property key="state" weight="0">00100000</Property><Property key="style" weight="0">56000000</Property><Property key="value" weight="0"></Property><Property key="width" weight="100">320</Property><Property key="winClass" weight="100">-OTHER</Property></Element><Element><FullName>-OTHER_2</FullName><ImageName>25744598-6d99-4f86-9617-90be7fcca2e9</ImageName><Property key="category" weight="100">WINCONTROL</Property><Property key="defaultAction" weight="0"></Property><Property key="description" weight="0"></Property><Property key="elementId" weight="100">sub</Property><Property key="elementName" weight="100"></Property><Property key="elementPath" weight="100">,85,307,BUTTON@#85,307,LI@#45,61,UL@#45,61,FORM</Property><Property key="elementPosition" weight="0">758,510</Property><Property key="elementTag" weight="100">BUTTON</Property><Property key="elementType" weight="100">OTHER</Property><Property key="exStyle" weight="0">40000800</Property><Property key="height" weight="100">60</Property><Property key="help" weight="0"></Property><Property key="keyboardShortcut" weight="0"></Property><Property key="location" weight="0">0,69</Property><Property key="name" weight="100"></Property><Property key="position" weight="100">9,78</Property><Property key="role" weight="100">0000002a</Property><Property key="state" weight="0">20100000</Property><Property key="style" weight="0">56000000</Property><Property key="value" weight="0"></Property><Property key="width" weight="100">320</Property><Property key="winClass" weight="100">-OTHER</Property></Element><Element><FullName>-TEXT</FullName><ImageName>6147b22a-eaba-489d-a1be-3f15dfa8de6b</ImageName><Property key="category" weight="100">WINCONTROL</Property><Property key="defaultAction" weight="0"></Property><Property key="description" weight="0"></Property><Property key="elementId" weight="100">ps1</Property><Property key="elementName" weight="100">ps1</Property><Property key="elementPath" weight="100">,85,183,INPUT@#85,183,LI@#45,61,UL@#45,61,FORM</Property><Property key="elementPosition" weight="0">745,345</Property><Property key="elementTag" weight="100">INPUT</Property><Property key="elementType" weight="100">TEXT</Property><Property key="exStyle" weight="0">40000800</Property><Property key="height" weight="100">47</Property><Property key="help" weight="0"></Property><Property key="keyboardShortcut" weight="0"></Property><Property key="location" weight="0">0,69</Property><Property key="name" weight="100"></Property><Property key="position" weight="100">500,263</Property><Property key="role" weight="100">0000002a</Property><Property key="state" weight="0">00100000</Property><Property key="style" weight="0">56000000</Property><Property key="value" weight="0"></Property><Property key="width" weight="100">320</Property><Property key="winClass" weight="100">-TEXT</Property></Element><Element><FullName>-TEXT_2</FullName><ImageName>ba0dd0bb-a226-41d3-88b4-594d232e076d</ImageName><Property key="category" weight="100">WINCONTROL</Property><Property key="defaultAction" weight="0"></Property><Property key="description" weight="0"></Property><Property key="elementId" weight="100">ps2</Property><Property key="elementName" weight="100">ps2</Property><Property key="elementPath" weight="100">,85,245,INPUT@#85,245,LI@#45,61,UL@#45,61,FORM</Property><Property key="elementPosition" weight="0">732,428</Property><Property key="elementTag" weight="100">INPUT</Property><Property key="elementType" weight="100">TEXT</Property><Property key="exStyle" weight="0">40000800</Property><Property key="height" weight="100">47</Property><Property key="help" weight="0"></Property><Property key="keyboardShortcut" weight="0"></Property><Property key="location" weight="0">0,69</Property><Property key="name" weight="100"></Property><Property key="position" weight="100">500,325</Property><Property key="role" weight="100">0000002a</Property><Property key="state" weight="0">20100000</Property><Property key="style" weight="0">56000000</Property><Property key="value" weight="0"></Property><Property key="width" weight="100">320</Property><Property key="winClass" weight="100">-TEXT</Property></Element><Element><FullName>BUTTON_submit_sub</FullName><ImageName>8ac7424a-e36d-49a9-9901-51206ef971ef</ImageName><Property key="category" weight="100">IECONTROL</Property><Property key="className" weight="0"></Property><Property key="description" weight="100">sub</Property><Property key="disabled" weight="0">false</Property><Property key="id" weight="100">1,2,3,1,1,1,1,11,1,</Property><Property key="innerId" weight="100">sub</Property><Property key="innerText" weight="0">提交</Property><Property key="name" weight="100"></Property><Property key="offsetHeight" weight="100">60</Property><Property key="offsetLeft" weight="100">85</Property><Property key="offsetTop" weight="100">307</Property><Property key="offsetWidth" weight="100">320</Property><Property key="outerText" weight="0">提交</Property><Property key="readOnly" weight="0">false</Property><Property key="tagName" weight="100">BUTTON</Property><Property key="type" weight="100">submit</Property><Property key="urlLink" weight="0"></Property><Property key="value" weight="0"></Property></Element><Element><FullName>INPUT_password_ps1</FullName><ImageName>f26b8316-c5e0-420d-91f2-d99961cde04f</ImageName><Property key="category" weight="100">IECONTROL</Property><Property key="className" weight="0"></Property><Property key="description" weight="100">ps1</Property><Property key="disabled" weight="0">false</Property><Property key="id" weight="100">1,2,3,1,1,1,1,5,1,</Property><Property key="innerId" weight="100">ps1</Property><Property key="innerText" weight="0"></Property><Property key="name" weight="100">ps1</Property><Property key="offsetHeight" weight="100">47</Property><Property key="offsetLeft" weight="100">85</Property><Property key="offsetTop" weight="100">183</Property><Property key="offsetWidth" weight="100">320</Property><Property key="outerText" weight="0"></Property><Property key="readOnly" weight="0">false</Property><Property key="tagName" weight="100">INPUT</Property><Property key="type" weight="100">password</Property><Property key="urlLink" weight="0"></Property><Property key="value" weight="0"></Property></Element><Element><FullName>INPUT_password_ps2</FullName><ImageName>0716d2fc-2dc6-4f97-872a-076072c362cb</ImageName><Property key="category" weight="100">IECONTROL</Property><Property key="className" weight="0"></Property><Property key="description" weight="100">ps2</Property><Property key="disabled" weight="0">false</Property><Property key="id" weight="100">1,2,3,1,1,1,1,7,1,</Property><Property key="innerId" weight="100">ps2</Property><Property key="innerText" weight="0"></Property><Property key="name" weight="100">ps2</Property><Property key="offsetHeight" weight="100">47</Property><Property key="offsetLeft" weight="100">85</Property><Property key="offsetTop" weight="100">245</Property><Property key="offsetWidth" weight="100">320</Property><Property key="outerText" weight="0"></Property><Property key="readOnly" weight="0">false</Property><Property key="tagName" weight="100">INPUT</Property><Property key="type" weight="100">password</Property><Property key="urlLink" weight="0"></Property><Property key="value" weight="0"></Property></Element><Element><FullName>INPUT_text_name</FullName><ImageName>d0aa86d6-0a70-4b05-a353-77f0fc649f9f</ImageName><Property key="category" weight="100">IECONTROL</Property><Property key="className" weight="0"></Property><Property key="description" weight="100">name</Property><Property key="disabled" weight="0">false</Property><Property key="id" weight="100">1,2,3,1,1,1,1,1,1,</Property><Property key="innerId" weight="100">name</Property><Property key="innerText" weight="0"></Property><Property key="name" weight="100">name</Property><Property key="offsetHeight" weight="100">46</Property><Property key="offsetLeft" weight="100">85</Property><Property key="offsetTop" weight="100">61</Property><Property key="offsetWidth" weight="100">320</Property><Property key="outerText" weight="0"></Property><Property key="readOnly" weight="0">false</Property><Property key="tagName" weight="100">INPUT</Property><Property key="type" weight="100">text</Property><Property key="urlLink" weight="0"></Property><Property key="value" weight="0"></Property></Element><Element><FullName>INPUT_text_name2</FullName><ImageName>af005423-5afe-45a7-aa2f-93f01d913e8b</ImageName><Property key="category" weight="100">IECONTROL</Property><Property key="className" weight="0"></Property><Property key="description" weight="100">name2</Property><Property key="disabled" weight="0">false</Property><Property key="id" weight="100">1,2,3,1,1,1,1,3,1,</Property><Property key="innerId" weight="100">name2</Property><Property key="innerText" weight="0"></Property><Property key="name" weight="100">name2</Property><Property key="offsetHeight" weight="100">46</Property><Property key="offsetLeft" weight="100">85</Property><Property key="offsetTop" weight="100">122</Property><Property key="offsetWidth" weight="100">320</Property><Property key="outerText" weight="0"></Property><Property key="readOnly" weight="0">false</Property><Property key="tagName" weight="100">INPUT</Property><Property key="type" weight="100">text</Property><Property key="urlLink" weight="0"></Property><Property key="value" weight="0"></Property></Element><Element><FullName>form-OTHER_提交</FullName><ImageName>8bb7b0bd-5087-49af-893a-4b27916b6183</ImageName><Property key="category" weight="100">WINCONTROL</Property><Property key="defaultAction" weight="0">按</Property><Property key="description" weight="0"></Property><Property key="elementId" weight="100"></Property><Property key="elementName" weight="100"></Property><Property key="elementPath" weight="100">,415,80,DIV@#415,80,DIV@#8,80,DIV@#0,0,BODY</Property><Property key="elementPosition" weight="0">757,578</Property><Property key="elementTag" weight="100">DIV</Property><Property key="elementType" weight="100">OTHER</Property><Property key="exStyle" weight="0">40000800</Property><Property key="height" weight="100">462</Property><Property key="help" weight="0"></Property><Property key="keyboardShortcut" weight="0"></Property><Property key="location" weight="0">625,552</Property><Property key="name" weight="100">提交</Property><Property key="position" weight="100">634,561</Property><Property key="role" weight="100">0000002b</Property><Property key="state" weight="0">00100000</Property><Property key="style" weight="0">56000000</Property><Property key="value" weight="0"></Property><Property key="width" weight="100">450</Property><Property key="winClass" weight="100">form-OTHER</Property></Element></Element></ObjectRepository>