<?xml version="1.0" encoding="UTF-8"?><ObjectRepository><Element><FullName>IEFrame_Parallax Template - Materialize - Internet Explorer</FullName><ImageName></ImageName><Property key="category" weight="100">WINCONTROL</Property><Property key="defaultAction" weight="0"></Property><Property key="description" weight="0"></Property><Property key="elementId" weight="100"></Property><Property key="elementName" weight="100"></Property><Property key="elementPath" weight="100"></Property><Property key="elementPosition" weight="0"></Property><Property key="elementTag" weight="100"></Property><Property key="elementType" weight="100"></Property><Property key="exStyle" weight="0">20000900</Property><Property key="height" weight="100">870</Property><Property key="help" weight="0"></Property><Property key="keyboardShortcut" weight="0"></Property><Property key="location" weight="0">-9,-9</Property><Property key="name" weight="100">Parallax Template - Materialize - Internet Explorer</Property><Property key="position" weight="100">0,0</Property><Property key="role" weight="100">00000009</Property><Property key="state" weight="0">00160000</Property><Property key="style" weight="0">17cf0000</Property><Property key="value" weight="0"></Property><Property key="width" weight="100">1618</Property><Property key="winClass" weight="100">IEFrame</Property><Element><FullName>A_登录</FullName><ImageName>292df6e9-c58f-4e1a-919d-88f57d3ae49a</ImageName><Property key="category" weight="100">IECONTROL</Property><Property key="className" weight="0"></Property><Property key="description" weight="100">登录</Property><Property key="disabled" weight="0">false</Property><Property key="id" weight="100">1,2,1,1,3,1,0,</Property><Property key="innerId" weight="100"></Property><Property key="innerText" weight="0">登录</Property><Property key="name" weight="100"></Property><Property key="offsetHeight" weight="100">64</Property><Property key="offsetLeft" weight="100">765</Property><Property key="offsetTop" weight="100">0</Property><Property key="offsetWidth" weight="100">60</Property><Property key="outerText" weight="0">登录</Property><Property key="readOnly" weight="0">false</Property><Property key="tagName" weight="100">A</Property><Property key="type" weight="100"></Property><Property key="urlLink" weight="0">http://localhost:8080/duanxueqi/登录表单.html</Property><Property key="value" weight="0"></Property></Element><Element><FullName>white-OTHER</FullName><ImageName>4739804e-0031-4caa-89d9-d6537d8a4c3c</ImageName><Property key="category" weight="100">WINCONTROL</Property><Property key="defaultAction" weight="0">跳转</Property><Property key="description" weight="0"></Property><Property key="elementId" weight="100"></Property><Property key="elementName" weight="100"></Property><Property key="elementPath" weight="100">,0,0,NAV@#0,0,BODY@#0,0,HTML</Property><Property key="elementPosition" weight="0">1223,107</Property><Property key="elementTag" weight="100">NAV</Property><Property key="elementType" weight="100">OTHER</Property><Property key="exStyle" weight="0">c0000800</Property><Property key="height" weight="100">64</Property><Property key="help" weight="0"></Property><Property key="keyboardShortcut" weight="0"></Property><Property key="location" weight="0">0,69</Property><Property key="name" weight="100"></Property><Property key="position" weight="100">9,78</Property><Property key="role" weight="100">0000002a</Property><Property key="state" weight="0">00c00040</Property><Property key="style" weight="0">56000000</Property><Property key="value" weight="0"></Property><Property key="width" weight="100">1263</Property><Property key="winClass" weight="100">white-OTHER</Property></Element></Element><Element><FullName>IEFrame_登录 - Internet Explorer</FullName><ImageName></ImageName><Property key="category" weight="100">WINCONTROL</Property><Property key="defaultAction" weight="0"></Property><Property key="description" weight="0"></Property><Property key="elementId" weight="100"></Property><Property key="elementName" weight="100"></Property><Property key="elementPath" weight="100"></Property><Property key="elementPosition" weight="0"></Property><Property key="elementTag" weight="100"></Property><Property key="elementType" weight="100"></Property><Property key="exStyle" weight="0">20000900</Property><Property key="height" weight="100">870</Property><Property key="help" weight="0"></Property><Property key="keyboardShortcut" weight="0"></Property><Property key="location" weight="0">-9,-9</Property><Property key="name" weight="100">登录 - Internet Explorer</Property><Property key="position" weight="100">0,0</Property><Property key="role" weight="100">00000009</Property><Property key="state" weight="0">00160000</Property><Property key="style" weight="0">17cf0000</Property><Property key="value" weight="0"></Property><Property key="width" weight="100">1618</Property><Property key="winClass" weight="100">IEFrame</Property><Element><FullName>-OTHER</FullName><ImageName>cd4af781-862d-4016-835a-fc9533a6b3d3</ImageName><Property key="category" weight="100">WINCONTROL</Property><Property key="defaultAction" weight="0"></Property><Property key="description" weight="0"></Property><Property key="elementId" weight="100">login</Property><Property key="elementName" weight="100"></Property><Property key="elementPath" weight="100">,45,168,BUTTON@#45,45,FORM@#460,80,DIV@#460,80,DIV</Property><Property key="elementPosition" weight="0">671,334</Property><Property key="elementTag" weight="100">BUTTON</Property><Property key="elementType" weight="100">OTHER</Property><Property key="exStyle" weight="0">40000800</Property><Property key="height" weight="100">46</Property><Property key="help" weight="0"></Property><Property key="keyboardShortcut" weight="0"></Property><Property key="location" weight="0">0,69</Property><Property key="name" weight="100"></Property><Property key="position" weight="100">9,78</Property><Property key="role" weight="100">0000002a</Property><Property key="state" weight="0">20100000</Property><Property key="style" weight="0">56000000</Property><Property key="value" weight="0"></Property><Property key="width" weight="100">270</Property><Property key="winClass" weight="100">-OTHER</Property></Element><Element><FullName>-TEXT</FullName><ImageName>bba072bf-e3e2-4f04-a4ec-dc42502348a4</ImageName><Property key="category" weight="100">WINCONTROL</Property><Property key="defaultAction" weight="0"></Property><Property key="description" weight="0"></Property><Property key="elementId" weight="100">password</Property><Property key="elementName" weight="100">password</Property><Property key="elementPath" weight="100">,45,106,INPUT@#45,45,FORM@#460,80,DIV@#460,80,DIV</Property><Property key="elementPosition" weight="0">721,257</Property><Property key="elementTag" weight="100">INPUT</Property><Property key="elementType" weight="100">TEXT</Property><Property key="exStyle" weight="0">40000800</Property><Property key="height" weight="100">47</Property><Property key="help" weight="0"></Property><Property key="keyboardShortcut" weight="0"></Property><Property key="location" weight="0">0,69</Property><Property key="name" weight="100"></Property><Property key="position" weight="100">505,186</Property><Property key="role" weight="100">0000002a</Property><Property key="state" weight="0">00100000</Property><Property key="style" weight="0">56000000</Property><Property key="value" weight="0"></Property><Property key="width" weight="100">270</Property><Property key="winClass" weight="100">-TEXT</Property></Element><Element><FullName>BUTTON_submit_login</FullName><ImageName>558a7612-f5f5-4d1f-88fc-03aa04e8b3bb</ImageName><Property key="category" weight="100">IECONTROL</Property><Property key="className" weight="0"></Property><Property key="description" weight="100">login</Property><Property key="disabled" weight="0">false</Property><Property key="id" weight="100">1,2,3,1,1,1,5,</Property><Property key="innerId" weight="100">login</Property><Property key="innerText" weight="0">登录</Property><Property key="name" weight="100"></Property><Property key="offsetHeight" weight="100">46</Property><Property key="offsetLeft" weight="100">45</Property><Property key="offsetTop" weight="100">168</Property><Property key="offsetWidth" weight="100">270</Property><Property key="outerText" weight="0">登录</Property><Property key="readOnly" weight="0">false</Property><Property key="tagName" weight="100">BUTTON</Property><Property key="type" weight="100">submit</Property><Property key="urlLink" weight="0"></Property><Property key="value" weight="0"></Property></Element><Element><FullName>INPUT_password_password</FullName><ImageName>75445df2-da4d-4f15-af76-f1745ab8acf4</ImageName><Property key="category" weight="100">IECONTROL</Property><Property key="className" weight="0"></Property><Property key="description" weight="100">password</Property><Property key="disabled" weight="0">false</Property><Property key="id" weight="100">1,2,3,1,1,1,3,</Property><Property key="innerId" weight="100">password</Property><Property key="innerText" weight="0"></Property><Property key="name" weight="100">password</Property><Property key="offsetHeight" weight="100">47</Property><Property key="offsetLeft" weight="100">45</Property><Property key="offsetTop" weight="100">106</Property><Property key="offsetWidth" weight="100">270</Property><Property key="outerText" weight="0"></Property><Property key="readOnly" weight="0">false</Property><Property key="tagName" weight="100">INPUT</Property><Property key="type" weight="100">password</Property><Property key="urlLink" weight="0"></Property><Property key="value" weight="0"></Property></Element><Element><FullName>INPUT_text_userid</FullName><ImageName>2316fbb0-fe1e-4413-ac83-68ffd3728a00</ImageName><Property key="category" weight="100">IECONTROL</Property><Property key="className" weight="0"></Property><Property key="description" weight="100">userid</Property><Property key="disabled" weight="0">false</Property><Property key="id" weight="100">1,2,3,1,1,1,1,</Property><Property key="innerId" weight="100">userid</Property><Property key="innerText" weight="0"></Property><Property key="name" weight="100">userid</Property><Property key="offsetHeight" weight="100">46</Property><Property key="offsetLeft" weight="100">45</Property><Property key="offsetTop" weight="100">45</Property><Property key="offsetWidth" weight="100">270</Property><Property key="outerText" weight="0"></Property><Property key="readOnly" weight="0">false</Property><Property key="tagName" weight="100">INPUT</Property><Property key="type" weight="100">text</Property><Property key="urlLink" weight="0"></Property><Property key="value" weight="0"></Property></Element><Element><FullName>form-OTHER_登录</FullName><ImageName>a23e0232-805b-41e8-94d3-ff21e7b365b3</ImageName><Property key="category" weight="100">WINCONTROL</Property><Property key="defaultAction" weight="0">按</Property><Property key="description" weight="0"></Property><Property key="elementId" weight="100">login_form</Property><Property key="elementName" weight="100"></Property><Property key="elementPath" weight="100">,460,80,DIV@#460,80,DIV@#8,80,DIV@#0,0,BODY</Property><Property key="elementPosition" weight="0">699,428</Property><Property key="elementTag" weight="100">DIV</Property><Property key="elementType" weight="100">OTHER</Property><Property key="exStyle" weight="0">40000800</Property><Property key="height" weight="100">310</Property><Property key="help" weight="0"></Property><Property key="keyboardShortcut" weight="0"></Property><Property key="location" weight="0">631,379</Property><Property key="name" weight="100">登录</Property><Property key="position" weight="100">640,388</Property><Property key="role" weight="100">0000002b</Property><Property key="state" weight="0">00100000</Property><Property key="style" weight="0">56000000</Property><Property key="value" weight="0"></Property><Property key="width" weight="100">360</Property><Property key="winClass" weight="100">form-OTHER</Property></Element></Element></ObjectRepository>