<?xml version="1.0" encoding="UTF-8"?><ObjectRepository><Element><FullName>IEFrame_Parallax Template - Materialize - Internet Explorer</FullName><ImageName></ImageName><Property key="category" weight="100">WINCONTROL</Property><Property key="defaultAction" weight="0"></Property><Property key="description" weight="0"></Property><Property key="elementId" weight="100"></Property><Property key="elementName" weight="100"></Property><Property key="elementPath" weight="100"></Property><Property key="elementPosition" weight="0"></Property><Property key="elementTag" weight="100"></Property><Property key="elementType" weight="100"></Property><Property key="exStyle" weight="0">20000900</Property><Property key="height" weight="100">870</Property><Property key="help" weight="0"></Property><Property key="keyboardShortcut" weight="0"></Property><Property key="location" weight="0">-9,-9</Property><Property key="name" weight="100">Parallax Template - Materialize - Internet Explorer</Property><Property key="position" weight="100">0,0</Property><Property key="role" weight="100">00000009</Property><Property key="state" weight="0">00160000</Property><Property key="style" weight="0">17cf0000</Property><Property key="value" weight="0"></Property><Property key="width" weight="100">1618</Property><Property key="winClass" weight="100">IEFrame</Property><Element><FullName>-</FullName><ImageName>ab40b709-82ff-46e5-85c8-f45a1c5d34ef</ImageName><Property key="category" weight="100">WINCONTROL</Property><Property key="defaultAction" weight="0">跳转</Property><Property key="description" weight="0"></Property><Property key="elementId" weight="100"></Property><Property key="elementName" weight="100"></Property><Property key="elementPath" weight="100"></Property><Property key="elementPosition" weight="0">1295,231</Property><Property key="elementTag" weight="100"></Property><Property key="elementType" weight="100"></Property><Property key="exStyle" weight="0">40000800</Property><Property key="height" weight="100"></Property><Property key="help" weight="0"></Property><Property key="keyboardShortcut" weight="0"></Property><Property key="location" weight="0">0,69</Property><Property key="name" weight="100"></Property><Property key="position" weight="100">9,78</Property><Property key="role" weight="100">0000002a</Property><Property key="state" weight="0">00f00040</Property><Property key="style" weight="0">56000000</Property><Property key="value" weight="0"></Property><Property key="width" weight="100"></Property><Property key="winClass" weight="100">-</Property></Element><Element><FullName>-_arrow_drop_down</FullName><ImageName>844a7669-b379-404a-8491-99d12933d3b3</ImageName><Property key="category" weight="100">WINCONTROL</Property><Property key="defaultAction" weight="0">跳转</Property><Property key="description" weight="0">arrow_drop_down</Property><Property key="elementId" weight="100"></Property><Property key="elementName" weight="100"></Property><Property key="elementPath" weight="100"></Property><Property key="elementPosition" weight="0">1301,123</Property><Property key="elementTag" weight="100"></Property><Property key="elementType" weight="100"></Property><Property key="exStyle" weight="0">c0000800</Property><Property key="height" weight="100"></Property><Property key="help" weight="0"></Property><Property key="keyboardShortcut" weight="0"></Property><Property key="location" weight="0">1256,69</Property><Property key="name" weight="100">arrow_drop_down</Property><Property key="position" weight="100">1265,78</Property><Property key="role" weight="100">0000001e</Property><Property key="state" weight="0">00400000</Property><Property key="style" weight="0">56000000</Property><Property key="value" weight="0"></Property><Property key="width" weight="100"></Property><Property key="winClass" weight="100">-</Property></Element><Element><FullName>A_arrow_drop_down</FullName><ImageName>08ee4cf8-a060-4dcd-8472-1ac9134c7c17</ImageName><Property key="category" weight="100">IECONTROL</Property><Property key="className" weight="0">dropdown-button</Property><Property key="description" weight="100">arrow_drop_down</Property><Property key="disabled" weight="0">false</Property><Property key="id" weight="100">1,2,2,1,3,3,0,</Property><Property key="innerId" weight="100"></Property><Property key="innerText" weight="0">arrow_drop_down</Property><Property key="name" weight="100"></Property><Property key="offsetHeight" weight="100">30</Property><Property key="offsetLeft" weight="100">816</Property><Property key="offsetTop" weight="100">0</Property><Property key="offsetWidth" weight="100">69</Property><Property key="outerText" weight="0">arrow_drop_down</Property><Property key="readOnly" weight="0">false</Property><Property key="tagName" weight="100">A</Property><Property key="type" weight="100"></Property><Property key="urlLink" weight="0">http://localhost:8080/duanxueqi/zhuyeyidenglu.jsp#!</Property><Property key="value" weight="0"></Property></Element><Element><FullName>A_退出</FullName><ImageName>73edf903-0afd-4a07-9474-6c05a0dca31f</ImageName><Property key="category" weight="100">IECONTROL</Property><Property key="className" weight="0"></Property><Property key="description" weight="100">退出</Property><Property key="disabled" weight="0">false</Property><Property key="id" weight="100">1,2,2,1,3,3,1,5,0,</Property><Property key="innerId" weight="100"></Property><Property key="innerText" weight="0">退出</Property><Property key="name" weight="100"></Property><Property key="offsetHeight" weight="100">50</Property><Property key="offsetLeft" weight="100">0</Property><Property key="offsetTop" weight="100">100</Property><Property key="offsetWidth" weight="100">100</Property><Property key="outerText" weight="0">退出</Property><Property key="readOnly" weight="0">false</Property><Property key="tagName" weight="100">A</Property><Property key="type" weight="100"></Property><Property key="urlLink" weight="0">http://localhost:8080/duanxueqi/index1.jsp</Property><Property key="value" weight="0"></Property></Element></Element></ObjectRepository>