<?xml version="1.0" encoding="UTF-8"?><ObjectRepository><Element><FullName>IEFrame_Parallax Template - Materialize - Internet Explorer</FullName><ImageName></ImageName><Property key="category" weight="100">WINCONTROL</Property><Property key="defaultAction" weight="0"></Property><Property key="description" weight="0"></Property><Property key="elementId" weight="100"></Property><Property key="elementName" weight="100"></Property><Property key="elementPath" weight="100"></Property><Property key="elementPosition" weight="0"></Property><Property key="elementTag" weight="100"></Property><Property key="elementType" weight="100"></Property><Property key="exStyle" weight="0">20000900</Property><Property key="height" weight="100">870</Property><Property key="help" weight="0"></Property><Property key="keyboardShortcut" weight="0"></Property><Property key="location" weight="0">-9,-9</Property><Property key="name" weight="100">Parallax Template - Materialize - Internet Explorer</Property><Property key="position" weight="100">0,0</Property><Property key="role" weight="100">00000009</Property><Property key="state" weight="0">00160000</Property><Property key="style" weight="0">17cf0000</Property><Property key="value" weight="0"></Property><Property key="width" weight="100">1618</Property><Property key="winClass" weight="100">IEFrame</Property><Element><FullName>A_个人空间</FullName><ImageName>6133e6f4-1e92-483a-99d3-b48188fce2e0</ImageName><Property key="category" weight="100">IECONTROL</Property><Property key="className" weight="0"></Property><Property key="description" weight="100">个人空间</Property><Property key="disabled" weight="0">false</Property><Property key="id" weight="100">1,2,2,1,3,1,0,</Property><Property key="innerId" weight="100"></Property><Property key="innerText" weight="0">个人空间</Property><Property key="name" weight="100"></Property><Property key="offsetHeight" weight="100">64</Property><Property key="offsetLeft" weight="100">726</Property><Property key="offsetTop" weight="100">0</Property><Property key="offsetWidth" weight="100">90</Property><Property key="outerText" weight="0">个人空间</Property><Property key="readOnly" weight="0">false</Property><Property key="tagName" weight="100">A</Property><Property key="type" weight="100"></Property><Property key="urlLink" weight="0">http://localhost:8080/duanxueqi/servlet/AcctServlet</Property><Property key="value" weight="0"></Property></Element><Element><FullName>white-OTHER</FullName><ImageName>e1eaab2c-bd8e-49b3-8b8d-98abbc391849</ImageName><Property key="category" weight="100">WINCONTROL</Property><Property key="defaultAction" weight="0">跳转</Property><Property key="description" weight="0"></Property><Property key="elementId" weight="100"></Property><Property key="elementName" weight="100"></Property><Property key="elementPath" weight="100">,0,0,NAV@#0,0,BODY@#0,0,HTML</Property><Property key="elementPosition" weight="0">1195,109</Property><Property key="elementTag" weight="100">NAV</Property><Property key="elementType" weight="100">OTHER</Property><Property key="exStyle" weight="0">c0000800</Property><Property key="height" weight="100">64</Property><Property key="help" weight="0"></Property><Property key="keyboardShortcut" weight="0"></Property><Property key="location" weight="0">0,69</Property><Property key="name" weight="100"></Property><Property key="position" weight="100">9,78</Property><Property key="role" weight="100">0000002a</Property><Property key="state" weight="0">00400040</Property><Property key="style" weight="0">56000000</Property><Property key="value" weight="0"></Property><Property key="width" weight="100">1263</Property><Property key="winClass" weight="100">white-OTHER</Property></Element></Element></ObjectRepository>