<?xml version="1.0" encoding="UTF-8"?><ObjectRepository><Element><FullName>IEFrame_Parallax Template - Materialize - Internet Explorer</FullName><ImageName></ImageName><Property key="category" weight="100">WINCONTROL</Property><Property key="defaultAction" weight="0"></Property><Property key="description" weight="0"></Property><Property key="elementId" weight="100"></Property><Property key="elementName" weight="100"></Property><Property key="elementPath" weight="100"></Property><Property key="elementPosition" weight="0"></Property><Property key="elementTag" weight="100"></Property><Property key="elementType" weight="100"></Property><Property key="exStyle" weight="0">20000900</Property><Property key="height" weight="100">870</Property><Property key="help" weight="0"></Property><Property key="keyboardShortcut" weight="0"></Property><Property key="location" weight="0">-9,-9</Property><Property key="name" weight="100">Parallax Template - Materialize - Internet Explorer</Property><Property key="position" weight="100">0,0</Property><Property key="role" weight="100">00000009</Property><Property key="state" weight="0">00160000</Property><Property key="style" weight="0">17cf0000</Property><Property key="value" weight="0"></Property><Property key="width" weight="100">1618</Property><Property key="winClass" weight="100">IEFrame</Property><Element><FullName>-</FullName><ImageName>f14df240-c5eb-4aeb-815b-c59724400ec9</ImageName><Property key="category" weight="100">WINCONTROL</Property><Property key="defaultAction" weight="0">跳转</Property><Property key="description" weight="0"></Property><Property key="elementId" weight="100"></Property><Property key="elementName" weight="100"></Property><Property key="elementPath" weight="100"></Property><Property key="elementPosition" weight="0">1316,144</Property><Property key="elementTag" weight="100"></Property><Property key="elementType" weight="100"></Property><Property key="exStyle" weight="0">c0000800</Property><Property key="height" weight="100"></Property><Property key="help" weight="0"></Property><Property key="keyboardShortcut" weight="0"></Property><Property key="location" weight="0">0,69</Property><Property key="name" weight="100"></Property><Property key="position" weight="100">9,78</Property><Property key="role" weight="100">0000002a</Property><Property key="state" weight="0">00400040</Property><Property key="style" weight="0">56000000</Property><Property key="value" weight="0"></Property><Property key="width" weight="100"></Property><Property key="winClass" weight="100">-</Property></Element><Element><FullName>-_提交 send</FullName><ImageName>c1a87992-f255-4d93-a998-0dc03a81f595</ImageName><Property key="category" weight="100">WINCONTROL</Property><Property key="defaultAction" weight="0">按</Property><Property key="description" weight="0"></Property><Property key="elementId" weight="100"></Property><Property key="elementName" weight="100"></Property><Property key="elementPath" weight="100"></Property><Property key="elementPosition" weight="0">1404,456</Property><Property key="elementTag" weight="100"></Property><Property key="elementType" weight="100"></Property><Property key="exStyle" weight="0">40000800</Property><Property key="height" weight="100"></Property><Property key="help" weight="0"></Property><Property key="keyboardShortcut" weight="0"></Property><Property key="location" weight="0">1248,416</Property><Property key="name" weight="100">提交 send</Property><Property key="position" weight="100">1257,425</Property><Property key="role" weight="100">0000002b</Property><Property key="state" weight="0">00100000</Property><Property key="style" weight="0">56000000</Property><Property key="value" weight="0"></Property><Property key="width" weight="100"></Property><Property key="winClass" weight="100">-</Property></Element><Element><FullName>-_设置</FullName><ImageName>c5691abf-014c-443c-8740-bf0d9faf8cff</ImageName><Property key="category" weight="100">WINCONTROL</Property><Property key="defaultAction" weight="0">跳转</Property><Property key="description" weight="0">设置</Property><Property key="elementId" weight="100"></Property><Property key="elementName" weight="100"></Property><Property key="elementPath" weight="100"></Property><Property key="elementPosition" weight="0">1318,177</Property><Property key="elementTag" weight="100"></Property><Property key="elementType" weight="100"></Property><Property key="exStyle" weight="0">40000800</Property><Property key="height" weight="100"></Property><Property key="help" weight="0"></Property><Property key="keyboardShortcut" weight="0"></Property><Property key="location" weight="0">1256,132</Property><Property key="name" weight="100">设置</Property><Property key="position" weight="100">1265,141</Property><Property key="role" weight="100">0000001e</Property><Property key="state" weight="0">00d00000</Property><Property key="style" weight="0">56000000</Property><Property key="value" weight="0"></Property><Property key="width" weight="100"></Property><Property key="winClass" weight="100">-</Property></Element><Element><FullName>A_arrow_drop_down</FullName><ImageName>957be063-57bf-499b-90b4-66e664eb455a</ImageName><Property key="category" weight="100">IECONTROL</Property><Property key="className" weight="0">dropdown-button</Property><Property key="description" weight="100">arrow_drop_down</Property><Property key="disabled" weight="0">false</Property><Property key="id" weight="100">1,2,2,1,3,3,0,</Property><Property key="innerId" weight="100"></Property><Property key="innerText" weight="0">arrow_drop_down</Property><Property key="name" weight="100"></Property><Property key="offsetHeight" weight="100">30</Property><Property key="offsetLeft" weight="100">816</Property><Property key="offsetTop" weight="100">0</Property><Property key="offsetWidth" weight="100">69</Property><Property key="outerText" weight="0">arrow_drop_down</Property><Property key="readOnly" weight="0">false</Property><Property key="tagName" weight="100">A</Property><Property key="type" weight="100"></Property><Property key="urlLink" weight="0">http://localhost:8080/duanxueqi/gerenzhongxin(student).jsp#!</Property><Property key="value" weight="0"></Property></Element><Element><FullName>A_设置</FullName><ImageName>be156d85-75fe-458a-9005-ecfcaa5fe4e1</ImageName><Property key="category" weight="100">IECONTROL</Property><Property key="className" weight="0"></Property><Property key="description" weight="100">设置</Property><Property key="disabled" weight="0">false</Property><Property key="id" weight="100">1,2,2,1,3,3,1,3,0,</Property><Property key="innerId" weight="100"></Property><Property key="innerText" weight="0">设置</Property><Property key="name" weight="100"></Property><Property key="offsetHeight" weight="100">50</Property><Property key="offsetLeft" weight="100">0</Property><Property key="offsetTop" weight="100">50</Property><Property key="offsetWidth" weight="100">100</Property><Property key="outerText" weight="0">设置</Property><Property key="readOnly" weight="0">false</Property><Property key="tagName" weight="100">A</Property><Property key="type" weight="100"></Property><Property key="urlLink" weight="0">http://localhost:8080/duanxueqi/xinxixiugai.html</Property><Property key="value" weight="0"></Property></Element><Element><FullName>BUTTON_submit_action</FullName><ImageName>9abe8333-2f76-4d03-ac24-fda98bae3f5f</ImageName><Property key="category" weight="100">IECONTROL</Property><Property key="className" weight="0">btn waves-effect waves-light </Property><Property key="description" weight="100">action</Property><Property key="disabled" weight="0">false</Property><Property key="id" weight="100">1,2,4,9,</Property><Property key="innerId" weight="100"></Property><Property key="innerText" weight="0">提交 send </Property><Property key="name" weight="100">action</Property><Property key="offsetHeight" weight="100">60</Property><Property key="offsetLeft" weight="100">999</Property><Property key="offsetTop" weight="100">771</Property><Property key="offsetWidth" weight="100">245</Property><Property key="outerText" weight="0">提交 send </Property><Property key="readOnly" weight="0">false</Property><Property key="tagName" weight="100">BUTTON</Property><Property key="type" weight="100">submit</Property><Property key="urlLink" weight="0"></Property><Property key="value" weight="0"></Property></Element><Element><FullName>INPUT_text_kmc</FullName><ImageName>4661eecf-7373-4ab6-8bf8-e1901c24ff7a</ImageName><Property key="category" weight="100">IECONTROL</Property><Property key="className" weight="0"></Property><Property key="description" weight="100">kmc</Property><Property key="disabled" weight="0">false</Property><Property key="id" weight="100">1,2,4,3,3,3,</Property><Property key="innerId" weight="100">kmc</Property><Property key="innerText" weight="0"></Property><Property key="name" weight="100"></Property><Property key="offsetHeight" weight="100">46</Property><Property key="offsetLeft" weight="100">643</Property><Property key="offsetTop" weight="100">165</Property><Property key="offsetWidth" weight="100">589</Property><Property key="outerText" weight="0"></Property><Property key="readOnly" weight="0">false</Property><Property key="tagName" weight="100">INPUT</Property><Property key="type" weight="100">text</Property><Property key="urlLink" weight="0"></Property><Property key="value" weight="0"></Property></Element><Element><FullName>TEXTAREA_kjj</FullName><ImageName>17ada314-06e1-4d4b-9022-2b08667957b9</ImageName><Property key="category" weight="100">IECONTROL</Property><Property key="className" weight="0"></Property><Property key="description" weight="100">kjj</Property><Property key="disabled" weight="0">false</Property><Property key="id" weight="100">1,2,4,7,</Property><Property key="innerId" weight="100">kjj</Property><Property key="innerText" weight="0">输入简介</Property><Property key="name" weight="100"></Property><Property key="offsetHeight" weight="100">150</Property><Property key="offsetLeft" weight="100">20</Property><Property key="offsetTop" weight="100">601</Property><Property key="offsetWidth" weight="100">1223</Property><Property key="outerText" weight="0">输入简介</Property><Property key="readOnly" weight="0">false</Property><Property key="tagName" weight="100">TEXTAREA</Property><Property key="type" weight="100"></Property><Property key="urlLink" weight="0"></Property><Property key="value" weight="0">输入简介&#x0A;</Property></Element><Element><FullName>col s12 m6-OTHER</FullName><ImageName>04b3b967-fca7-4bb5-8b1c-20b329883981</ImageName><Property key="category" weight="100">WINCONTROL</Property><Property key="defaultAction" weight="0"></Property><Property key="description" weight="0"></Property><Property key="elementId" weight="100"></Property><Property key="elementName" weight="100"></Property><Property key="elementPath" weight="100">,632,136,DIV@#20,136,DIV@#0,64,DIV@#0,0,BODY</Property><Property key="elementPosition" weight="0">1046,295</Property><Property key="elementTag" weight="100">DIV</Property><Property key="elementType" weight="100">OTHER</Property><Property key="exStyle" weight="0">40000800</Property><Property key="height" weight="100">96</Property><Property key="help" weight="0"></Property><Property key="keyboardShortcut" weight="0"></Property><Property key="location" weight="0">0,69</Property><Property key="name" weight="100"></Property><Property key="position" weight="100">9,78</Property><Property key="role" weight="100">0000002a</Property><Property key="state" weight="0">00100000</Property><Property key="style" weight="0">56000000</Property><Property key="value" weight="0"></Property><Property key="width" weight="100">612</Property><Property key="winClass" weight="100">col s12 m6-OTHER</Property></Element><Element><FullName>zhuti-OTHER</FullName><ImageName>f7549a67-83fb-4aa1-b570-ec31096085a6</ImageName><Property key="category" weight="100">WINCONTROL</Property><Property key="defaultAction" weight="0"></Property><Property key="description" weight="0"></Property><Property key="elementId" weight="100">信息修改</Property><Property key="elementName" weight="100"></Property><Property key="elementPath" weight="100">,0,64,DIV@#0,0,BODY@#0,0,HTML</Property><Property key="elementPosition" weight="0">263,492</Property><Property key="elementTag" weight="100">DIV</Property><Property key="elementType" weight="100">OTHER</Property><Property key="exStyle" weight="0">40000800</Property><Property key="height" weight="100">807</Property><Property key="help" weight="0"></Property><Property key="keyboardShortcut" weight="0"></Property><Property key="location" weight="0">0,69</Property><Property key="name" weight="100"></Property><Property key="position" weight="100">9,78</Property><Property key="role" weight="100">0000002a</Property><Property key="state" weight="0">00100000</Property><Property key="style" weight="0">56000000</Property><Property key="value" weight="0"></Property><Property key="width" weight="100">1263</Property><Property key="winClass" weight="100">zhuti-OTHER</Property></Element></Element></ObjectRepository>