<?xml version="1.0" encoding="UTF-8"?><ObjectRepository><Element><FullName>IEFrame_Parallax Template - Materialize - Internet Explorer</FullName><ImageName></ImageName><Property key="category" weight="100">WINCONTROL</Property><Property key="defaultAction" weight="0"></Property><Property key="description" weight="0"></Property><Property key="elementId" weight="100"></Property><Property key="elementName" weight="100"></Property><Property key="elementPath" weight="100"></Property><Property key="elementPosition" weight="0"></Property><Property key="elementTag" weight="100"></Property><Property key="elementType" weight="100"></Property><Property key="exStyle" weight="0">20000900</Property><Property key="height" weight="100">870</Property><Property key="help" weight="0"></Property><Property key="keyboardShortcut" weight="0"></Property><Property key="location" weight="0">-9,-9</Property><Property key="name" weight="100">Parallax Template - Materialize - Internet Explorer</Property><Property key="position" weight="100">0,0</Property><Property key="role" weight="100">00000009</Property><Property key="state" weight="0">00160000</Property><Property key="style" weight="0">17cf0000</Property><Property key="value" weight="0"></Property><Property key="width" weight="100">1618</Property><Property key="winClass" weight="100">IEFrame</Property><Element><FullName>-OTHER</FullName><ImageName>a711de69-08d0-4e8e-bd95-9ead177b584b</ImageName><Property key="category" weight="100">WINCONTROL</Property><Property key="defaultAction" weight="0">跳转</Property><Property key="description" weight="0"></Property><Property key="elementId" weight="100"></Property><Property key="elementName" weight="100"></Property><Property key="elementPath" weight="100">,0,64,DIV@#0,0,BODY@#0,0,HTML</Property><Property key="elementPosition" weight="0">392,460</Property><Property key="elementTag" weight="100">DIV</Property><Property key="elementType" weight="100">OTHER</Property><Property key="exStyle" weight="0">c0000800</Property><Property key="height" weight="100">350</Property><Property key="help" weight="0"></Property><Property key="keyboardShortcut" weight="0"></Property><Property key="location" weight="0">0,69</Property><Property key="name" weight="100"></Property><Property key="position" weight="100">9,78</Property><Property key="role" weight="100">0000002a</Property><Property key="state" weight="0">00c00040</Property><Property key="style" weight="0">56000000</Property><Property key="value" weight="0"></Property><Property key="width" weight="100">1263</Property><Property key="winClass" weight="100">-OTHER</Property></Element><Element><FullName>-_提交 send</FullName><ImageName>a997bd80-ae7a-4f1f-8e1c-e333253cc8cc</ImageName><Property key="category" weight="100">WINCONTROL</Property><Property key="defaultAction" weight="0">按</Property><Property key="description" weight="0"></Property><Property key="elementId" weight="100"></Property><Property key="elementName" weight="100"></Property><Property key="elementPath" weight="100"></Property><Property key="elementPosition" weight="0">1342,515</Property><Property key="elementTag" weight="100"></Property><Property key="elementType" weight="100"></Property><Property key="exStyle" weight="0">40000800</Property><Property key="height" weight="100"></Property><Property key="help" weight="0"></Property><Property key="keyboardShortcut" weight="0"></Property><Property key="location" weight="0">1248,479</Property><Property key="name" weight="100">提交 send</Property><Property key="position" weight="100">1257,488</Property><Property key="role" weight="100">0000002b</Property><Property key="state" weight="0">00100000</Property><Property key="style" weight="0">56000000</Property><Property key="value" weight="0"></Property><Property key="width" weight="100"></Property><Property key="winClass" weight="100">-</Property></Element><Element><FullName>A_教师认证</FullName><ImageName>10a0b7e1-3d4a-455b-957e-4ba9e41204d5</ImageName><Property key="category" weight="100">IECONTROL</Property><Property key="className" weight="0"></Property><Property key="description" weight="100">教师认证</Property><Property key="disabled" weight="0">false</Property><Property key="id" weight="100">1,2,4,1,3,5,0,</Property><Property key="innerId" weight="100"></Property><Property key="innerText" weight="0">教师认证</Property><Property key="name" weight="100"></Property><Property key="offsetHeight" weight="100">33</Property><Property key="offsetLeft" weight="100">255</Property><Property key="offsetTop" weight="100">301</Property><Property key="offsetWidth" weight="100">98</Property><Property key="outerText" weight="0">教师认证</Property><Property key="readOnly" weight="0">false</Property><Property key="tagName" weight="100">A</Property><Property key="type" weight="100"></Property><Property key="urlLink" weight="0">http://localhost:8080/duanxueqi/jiaoshishenqin.jsp</Property><Property key="value" weight="0"></Property></Element><Element><FullName>BUTTON_submit_action</FullName><ImageName>79fd299a-519d-4859-b760-841f70fef661</ImageName><Property key="category" weight="100">IECONTROL</Property><Property key="className" weight="0">btn waves-effect waves-light </Property><Property key="description" weight="100">action</Property><Property key="disabled" weight="0">false</Property><Property key="id" weight="100">1,2,4,1,7,</Property><Property key="innerId" weight="100"></Property><Property key="innerText" weight="0">提交 send </Property><Property key="name" weight="100">action</Property><Property key="offsetHeight" weight="100">60</Property><Property key="offsetLeft" weight="100">999</Property><Property key="offsetTop" weight="100">328</Property><Property key="offsetWidth" weight="100">245</Property><Property key="outerText" weight="0">提交 send </Property><Property key="readOnly" weight="0">false</Property><Property key="tagName" weight="100">BUTTON</Property><Property key="type" weight="100">submit</Property><Property key="urlLink" weight="0"></Property><Property key="value" weight="0"></Property></Element></Element></ObjectRepository>