<?xml version="1.0" encoding="UTF-8"?><ObjectRepository><Element><FullName>IEFrame_Parallax Template - Materialize - Internet Explorer</FullName><ImageName></ImageName><Property key="category" weight="100">WINCONTROL</Property><Property key="defaultAction" weight="0"></Property><Property key="description" weight="0"></Property><Property key="elementId" weight="100"></Property><Property key="elementName" weight="100"></Property><Property key="elementPath" weight="100"></Property><Property key="elementPosition" weight="0"></Property><Property key="elementTag" weight="100"></Property><Property key="elementType" weight="100"></Property><Property key="exStyle" weight="0">20000900</Property><Property key="height" weight="100">870</Property><Property key="help" weight="0"></Property><Property key="keyboardShortcut" weight="0"></Property><Property key="location" weight="0">-9,-9</Property><Property key="name" weight="100">Parallax Template - Materialize - Internet Explorer</Property><Property key="position" weight="100">0,0</Property><Property key="role" weight="100">00000009</Property><Property key="state" weight="0">00160000</Property><Property key="style" weight="0">17cf0000</Property><Property key="value" weight="0"></Property><Property key="width" weight="100">1618</Property><Property key="winClass" weight="100">IEFrame</Property><Element><FullName>-</FullName><ImageName>c66c4d74-1f28-4a83-8fec-37e3735767f6</ImageName><Property key="category" weight="100">WINCONTROL</Property><Property key="defaultAction" weight="0">跳转</Property><Property key="description" weight="0"></Property><Property key="elementId" weight="100"></Property><Property key="elementName" weight="100"></Property><Property key="elementPath" weight="100"></Property><Property key="elementPosition" weight="0">188,703</Property><Property key="elementTag" weight="100"></Property><Property key="elementType" weight="100"></Property><Property key="exStyle" weight="0">40000800</Property><Property key="height" weight="100"></Property><Property key="help" weight="0"></Property><Property key="keyboardShortcut" weight="0"></Property><Property key="location" weight="0">0,69</Property><Property key="name" weight="100"></Property><Property key="position" weight="100">9,78</Property><Property key="role" weight="100">0000002a</Property><Property key="state" weight="0">00600040</Property><Property key="style" weight="0">56000000</Property><Property key="value" weight="0"></Property><Property key="width" weight="100"></Property><Property key="winClass" weight="100">-</Property></Element><Element><FullName>-_1</FullName><ImageName>44bbd514-70f8-48df-a4f0-c43ed5917541</ImageName><Property key="category" weight="100">WINCONTROL</Property><Property key="defaultAction" weight="0"></Property><Property key="description" weight="0"></Property><Property key="elementId" weight="100"></Property><Property key="elementName" weight="100"></Property><Property key="elementPath" weight="100"></Property><Property key="elementPosition" weight="0">206,759</Property><Property key="elementTag" weight="100"></Property><Property key="elementType" weight="100"></Property><Property key="exStyle" weight="0">40000800</Property><Property key="height" weight="100"></Property><Property key="help" weight="0"></Property><Property key="keyboardShortcut" weight="0"></Property><Property key="location" weight="0">40,737</Property><Property key="name" weight="100">1</Property><Property key="position" weight="100">49,746</Property><Property key="role" weight="100">00000022</Property><Property key="state" weight="0">00500000</Property><Property key="style" weight="0">56000000</Property><Property key="value" weight="0"></Property><Property key="width" weight="100"></Property><Property key="winClass" weight="100">-</Property></Element><Element><FullName>A_考试</FullName><ImageName>855565ea-d8f3-4f22-863e-a209beb8495f</ImageName><Property key="category" weight="100">IECONTROL</Property><Property key="className" weight="0">collapsible-header  waves-effect waves-teal</Property><Property key="description" weight="100">考试</Property><Property key="disabled" weight="0">false</Property><Property key="id" weight="100">1,2,1,17,1,1,0,</Property><Property key="innerId" weight="100"></Property><Property key="innerText" weight="0">考试</Property><Property key="name" weight="100"></Property><Property key="offsetHeight" weight="100">48</Property><Property key="offsetLeft" weight="100">0</Property><Property key="offsetTop" weight="100">485</Property><Property key="offsetWidth" weight="100">300</Property><Property key="outerText" weight="0">考试</Property><Property key="readOnly" weight="0">false</Property><Property key="tagName" weight="100">A</Property><Property key="type" weight="100"></Property><Property key="urlLink" weight="0"></Property><Property key="value" weight="0"></Property></Element><Element><FullName>LI</FullName><ImageName>bb6206cc-7ffb-4ab1-9977-d10659b3c1db</ImageName><Property key="category" weight="100">IECONTROL</Property><Property key="className" weight="0">you waves-effect waves-teal</Property><Property key="description" weight="100"></Property><Property key="disabled" weight="0">false</Property><Property key="id" weight="100">1,2,1,5,</Property><Property key="innerId" weight="100"></Property><Property key="innerText" weight="0">公告</Property><Property key="name" weight="100"></Property><Property key="offsetHeight" weight="100">48</Property><Property key="offsetLeft" weight="100">0</Property><Property key="offsetTop" weight="100">197</Property><Property key="offsetWidth" weight="100">300</Property><Property key="outerText" weight="0">公告</Property><Property key="readOnly" weight="0">false</Property><Property key="tagName" weight="100">LI</Property><Property key="type" weight="100"></Property><Property key="urlLink" weight="0"></Property><Property key="value" weight="0"></Property></Element><Element><FullName>LI_2</FullName><ImageName>bc761508-0185-48ed-82cd-19f526cfee21</ImageName><Property key="category" weight="100">IECONTROL</Property><Property key="className" weight="0">you waves-effect waves-teal</Property><Property key="description" weight="100"></Property><Property key="disabled" weight="0">false</Property><Property key="id" weight="100">1,2,1,7,</Property><Property key="innerId" weight="100"></Property><Property key="innerText" weight="0">评分标准</Property><Property key="name" weight="100"></Property><Property key="offsetHeight" weight="100">48</Property><Property key="offsetLeft" weight="100">0</Property><Property key="offsetTop" weight="100">245</Property><Property key="offsetWidth" weight="100">300</Property><Property key="outerText" weight="0">评分标准</Property><Property key="readOnly" weight="0">false</Property><Property key="tagName" weight="100">LI</Property><Property key="type" weight="100"></Property><Property key="urlLink" weight="0"></Property><Property key="value" weight="0"></Property></Element><Element><FullName>LI_3</FullName><ImageName>b3911a17-9126-444d-b6bc-a6694b6cb242</ImageName><Property key="category" weight="100">IECONTROL</Property><Property key="className" weight="0">waves-effect waves-teal</Property><Property key="description" weight="100"></Property><Property key="disabled" weight="0">false</Property><Property key="id" weight="100">1,2,1,17,1,1,2,1,1,0,</Property><Property key="innerId" weight="100"></Property><Property key="innerText" weight="0">1</Property><Property key="name" weight="100"></Property><Property key="offsetHeight" weight="100">48</Property><Property key="offsetLeft" weight="100">32</Property><Property key="offsetTop" weight="100">535</Property><Property key="offsetWidth" weight="100">236</Property><Property key="outerText" weight="0">1</Property><Property key="readOnly" weight="0">false</Property><Property key="tagName" weight="100">LI</Property><Property key="type" weight="100"></Property><Property key="urlLink" weight="0"></Property><Property key="value" weight="0"></Property></Element><Element><FullName>you waves-effect waves-teal-OTHER_公告</FullName><ImageName>5b86ad7a-e09d-41c7-a514-ad0c99bff127</ImageName><Property key="category" weight="100">WINCONTROL</Property><Property key="defaultAction" weight="0"></Property><Property key="description" weight="0"></Property><Property key="elementId" weight="100"></Property><Property key="elementName" weight="100"></Property><Property key="elementPath" weight="100">,0,245,LI@#0,0,UL@#0,0,BODY@#0,0,HTML</Property><Property key="elementPosition" weight="0">222,358</Property><Property key="elementTag" weight="100">LI</Property><Property key="elementType" weight="100">OTHER</Property><Property key="exStyle" weight="0">c0000800</Property><Property key="height" weight="100">48</Property><Property key="help" weight="0"></Property><Property key="keyboardShortcut" weight="0"></Property><Property key="location" weight="0">0,315</Property><Property key="name" weight="100">公告</Property><Property key="position" weight="100">9,324</Property><Property key="role" weight="100">00000022</Property><Property key="state" weight="0">00000000</Property><Property key="style" weight="0">56000000</Property><Property key="value" weight="0"></Property><Property key="width" weight="100">300</Property><Property key="winClass" weight="100">you waves-effect waves-teal-OTHER</Property></Element><Element><FullName>you waves-effect waves-teal-OTHER_评分标准</FullName><ImageName>91b54893-d419-4e81-8bb3-d0fcf5200a1f</ImageName><Property key="category" weight="100">WINCONTROL</Property><Property key="defaultAction" weight="0"></Property><Property key="description" weight="0"></Property><Property key="elementId" weight="100"></Property><Property key="elementName" weight="100"></Property><Property key="elementPath" weight="100">,0,293,LI@#0,0,UL@#0,0,BODY@#0,0,HTML</Property><Property key="elementPosition" weight="0">229,407</Property><Property key="elementTag" weight="100">LI</Property><Property key="elementType" weight="100">OTHER</Property><Property key="exStyle" weight="0">40000800</Property><Property key="height" weight="100">48</Property><Property key="help" weight="0"></Property><Property key="keyboardShortcut" weight="0"></Property><Property key="location" weight="0">0,375</Property><Property key="name" weight="100">评分标准</Property><Property key="position" weight="100">9,384</Property><Property key="role" weight="100">00000022</Property><Property key="state" weight="0">00000000</Property><Property key="style" weight="0">56000000</Property><Property key="value" weight="0"></Property><Property key="width" weight="100">300</Property><Property key="winClass" weight="100">you waves-effect waves-teal-OTHER</Property></Element></Element></ObjectRepository>