<?xml version="1.0" encoding="UTF-8"?><ObjectRepository><Element><FullName>IEFrame_Parallax Template - Materialize - Internet Explorer</FullName><ImageName></ImageName><Property key="category" weight="100">WINCONTROL</Property><Property key="defaultAction" weight="0"></Property><Property key="description" weight="0"></Property><Property key="elementId" weight="100"></Property><Property key="elementName" weight="100"></Property><Property key="elementPath" weight="100"></Property><Property key="elementPosition" weight="0"></Property><Property key="elementTag" weight="100"></Property><Property key="elementType" weight="100"></Property><Property key="exStyle" weight="0">20000900</Property><Property key="height" weight="100">870</Property><Property key="help" weight="0"></Property><Property key="keyboardShortcut" weight="0"></Property><Property key="location" weight="0">-9,-9</Property><Property key="name" weight="100">Parallax Template - Materialize - Internet Explorer</Property><Property key="position" weight="100">0,0</Property><Property key="role" weight="100">00000009</Property><Property key="state" weight="0">00160000</Property><Property key="style" weight="0">17cf0000</Property><Property key="value" weight="0"></Property><Property key="width" weight="100">1618</Property><Property key="winClass" weight="100">IEFrame</Property><Element><FullName>BUTTON_submit_action</FullName><ImageName>a9e422e2-cc0e-4097-a1fb-766f4590aeff</ImageName><Property key="category" weight="100">IECONTROL</Property><Property key="className" weight="0">btn waves-effect waves-light </Property><Property key="description" weight="100">action</Property><Property key="disabled" weight="0">false</Property><Property key="id" weight="100">1,2,14,1,1,11,</Property><Property key="innerId" weight="100"></Property><Property key="innerText" weight="0">提交 send </Property><Property key="name" weight="100">action</Property><Property key="offsetHeight" weight="100">60</Property><Property key="offsetLeft" weight="100">864</Property><Property key="offsetTop" weight="100">843</Property><Property key="offsetWidth" weight="100">290</Property><Property key="outerText" weight="0">提交 send </Property><Property key="readOnly" weight="0">false</Property><Property key="tagName" weight="100">BUTTON</Property><Property key="type" weight="100">submit</Property><Property key="urlLink" weight="0"></Property><Property key="value" weight="0"></Property></Element><Element><FullName>page-footer teal-OTHER_提交 send</FullName><ImageName>1e0fb27d-f314-4652-a184-67e67fe4e45f</ImageName><Property key="category" weight="100">WINCONTROL</Property><Property key="defaultAction" weight="0">按</Property><Property key="description" weight="0"></Property><Property key="elementId" weight="100"></Property><Property key="elementName" weight="100"></Property><Property key="elementPath" weight="100">,0,984,FOOTER@#0,0,BODY@#0,0,HTML</Property><Property key="elementPosition" weight="0">1260,693</Property><Property key="elementTag" weight="100">FOOTER</Property><Property key="elementType" weight="100">OTHER</Property><Property key="exStyle" weight="0">c0000800</Property><Property key="height" weight="100">249</Property><Property key="help" weight="0"></Property><Property key="keyboardShortcut" weight="0"></Property><Property key="location" weight="0">1080,653</Property><Property key="name" weight="100">提交 send</Property><Property key="position" weight="100">1089,662</Property><Property key="role" weight="100">0000002b</Property><Property key="state" weight="0">00000000</Property><Property key="style" weight="0">56000000</Property><Property key="value" weight="0"></Property><Property key="width" weight="100">1263</Property><Property key="winClass" weight="100">page-footer teal-OTHER</Property></Element></Element></ObjectRepository>