<?xml version="1.0" encoding="UTF-8"?><ObjectRepository><Element><FullName>IEFrame_Parallax Template - Materialize - Internet Explorer</FullName><ImageName></ImageName><Property key="category" weight="100">WINCONTROL</Property><Property key="defaultAction" weight="0"></Property><Property key="description" weight="0"></Property><Property key="elementId" weight="100"></Property><Property key="elementName" weight="100"></Property><Property key="elementPath" weight="100"></Property><Property key="elementPosition" weight="0"></Property><Property key="elementTag" weight="100"></Property><Property key="elementType" weight="100"></Property><Property key="exStyle" weight="0">20000900</Property><Property key="height" weight="100">870</Property><Property key="help" weight="0"></Property><Property key="keyboardShortcut" weight="0"></Property><Property key="location" weight="0">-9,-9</Property><Property key="name" weight="100">Parallax Template - Materialize - Internet Explorer</Property><Property key="position" weight="100">0,0</Property><Property key="role" weight="100">00000009</Property><Property key="state" weight="0">00160000</Property><Property key="style" weight="0">17cf0000</Property><Property key="value" weight="0"></Property><Property key="width" weight="100">1618</Property><Property key="winClass" weight="100">IEFrame</Property><Element><FullName>-</FullName><ImageName>f6eff1c8-1d34-4262-8f1a-5be4cb4c5489</ImageName><Property key="category" weight="100">WINCONTROL</Property><Property key="defaultAction" weight="0"></Property><Property key="description" weight="0"></Property><Property key="elementId" weight="100"></Property><Property key="elementName" weight="100"></Property><Property key="elementPath" weight="100"></Property><Property key="elementPosition" weight="0">1317,641</Property><Property key="elementTag" weight="100"></Property><Property key="elementType" weight="100"></Property><Property key="exStyle" weight="0">c0000800</Property><Property key="height" weight="100"></Property><Property key="help" weight="0"></Property><Property key="keyboardShortcut" weight="0"></Property><Property key="location" weight="0">0,69</Property><Property key="name" weight="100"></Property><Property key="position" weight="100">9,78</Property><Property key="role" weight="100">0000002a</Property><Property key="state" weight="0">00000040</Property><Property key="style" weight="0">56000000</Property><Property key="value" weight="0"></Property><Property key="width" weight="100"></Property><Property key="winClass" weight="100">-</Property></Element><Element><FullName>LI</FullName><ImageName>34163063-18e2-44a6-8e82-2ff1f5148054</ImageName><Property key="category" weight="100">IECONTROL</Property><Property key="className" weight="0">you waves-effect waves-light </Property><Property key="description" weight="100"></Property><Property key="disabled" weight="0">false</Property><Property key="id" weight="100">1,2,8,5,1,1,</Property><Property key="innerId" weight="100"></Property><Property key="innerText" weight="0">我的课程</Property><Property key="name" weight="100"></Property><Property key="offsetHeight" weight="100">50</Property><Property key="offsetLeft" weight="100">853</Property><Property key="offsetTop" weight="100">429</Property><Property key="offsetWidth" weight="100">399</Property><Property key="outerText" weight="0">我的课程</Property><Property key="readOnly" weight="0">false</Property><Property key="tagName" weight="100">LI</Property><Property key="type" weight="100"></Property><Property key="urlLink" weight="0"></Property><Property key="value" weight="0"></Property></Element></Element></ObjectRepository>