<?xml version="1.0" encoding="UTF-8"?><ObjectRepository><Element><FullName>IEFrame_Parallax Template - Materialize - Internet Explorer</FullName><ImageName></ImageName><Property key="category" weight="100">WINCONTROL</Property><Property key="defaultAction" weight="0"></Property><Property key="description" weight="0"></Property><Property key="elementId" weight="100"></Property><Property key="elementName" weight="100"></Property><Property key="elementPath" weight="100"></Property><Property key="elementPosition" weight="0"></Property><Property key="elementTag" weight="100"></Property><Property key="elementType" weight="100"></Property><Property key="exStyle" weight="0">20000900</Property><Property key="height" weight="100">870</Property><Property key="help" weight="0"></Property><Property key="keyboardShortcut" weight="0"></Property><Property key="location" weight="0">-9,-9</Property><Property key="name" weight="100">Parallax Template - Materialize - Internet Explorer</Property><Property key="position" weight="100">0,0</Property><Property key="role" weight="100">00000009</Property><Property key="state" weight="0">00160000</Property><Property key="style" weight="0">17cf0000</Property><Property key="value" weight="0"></Property><Property key="width" weight="100">1618</Property><Property key="winClass" weight="100">IEFrame</Property><Element><FullName>-</FullName><ImageName>3dbbfea0-0b71-40a7-9d56-1140c3090a29</ImageName><Property key="category" weight="100">WINCONTROL</Property><Property key="defaultAction" weight="0">跳转</Property><Property key="description" weight="0"></Property><Property key="elementId" weight="100"></Property><Property key="elementName" weight="100"></Property><Property key="elementPath" weight="100"></Property><Property key="elementPosition" weight="0">1304,147</Property><Property key="elementTag" weight="100"></Property><Property key="elementType" weight="100"></Property><Property key="exStyle" weight="0">c0000800</Property><Property key="height" weight="100"></Property><Property key="help" weight="0"></Property><Property key="keyboardShortcut" weight="0"></Property><Property key="location" weight="0">0,69</Property><Property key="name" weight="100"></Property><Property key="position" weight="100">9,78</Property><Property key="role" weight="100">0000002a</Property><Property key="state" weight="0">00400040</Property><Property key="style" weight="0">56000000</Property><Property key="value" weight="0"></Property><Property key="width" weight="100"></Property><Property key="winClass" weight="100">-</Property></Element><Element><FullName>-_消息</FullName><ImageName>5696004a-88c3-4592-a5dc-dae407786cb4</ImageName><Property key="category" weight="100">WINCONTROL</Property><Property key="defaultAction" weight="0">跳转</Property><Property key="description" weight="0">消息</Property><Property key="elementId" weight="100"></Property><Property key="elementName" weight="100"></Property><Property key="elementPath" weight="100"></Property><Property key="elementPosition" weight="0">1305,128</Property><Property key="elementTag" weight="100"></Property><Property key="elementType" weight="100"></Property><Property key="exStyle" weight="0">40000800</Property><Property key="height" weight="100"></Property><Property key="help" weight="0"></Property><Property key="keyboardShortcut" weight="0"></Property><Property key="location" weight="0">1256,69</Property><Property key="name" weight="100">消息</Property><Property key="position" weight="100">1265,78</Property><Property key="role" weight="100">0000001e</Property><Property key="state" weight="0">00d00000</Property><Property key="style" weight="0">56000000</Property><Property key="value" weight="0"></Property><Property key="width" weight="100"></Property><Property key="winClass" weight="100">-</Property></Element><Element><FullName>A_arrow_drop_down</FullName><ImageName>ad5a9217-3e82-4734-b3c8-e9a25658d098</ImageName><Property key="category" weight="100">IECONTROL</Property><Property key="className" weight="0">dropdown-button</Property><Property key="description" weight="100">arrow_drop_down</Property><Property key="disabled" weight="0">false</Property><Property key="id" weight="100">1,2,2,1,3,3,0,</Property><Property key="innerId" weight="100"></Property><Property key="innerText" weight="0">arrow_drop_down</Property><Property key="name" weight="100"></Property><Property key="offsetHeight" weight="100">30</Property><Property key="offsetLeft" weight="100">816</Property><Property key="offsetTop" weight="100">0</Property><Property key="offsetWidth" weight="100">69</Property><Property key="outerText" weight="0">arrow_drop_down</Property><Property key="readOnly" weight="0">false</Property><Property key="tagName" weight="100">A</Property><Property key="type" weight="100"></Property><Property key="urlLink" weight="0">http://localhost:8080/duanxueqi/gerenzhongxin(jiaoshi).jsp#!</Property><Property key="value" weight="0"></Property></Element><Element><FullName>A_消息</FullName><ImageName>4a5e51cd-0577-4fcf-98fa-baf13f2c0d6b</ImageName><Property key="category" weight="100">IECONTROL</Property><Property key="className" weight="0"></Property><Property key="description" weight="100">消息</Property><Property key="disabled" weight="0">false</Property><Property key="id" weight="100">1,2,2,1,3,3,1,1,0,</Property><Property key="innerId" weight="100"></Property><Property key="innerText" weight="0">消息</Property><Property key="name" weight="100"></Property><Property key="offsetHeight" weight="100">50</Property><Property key="offsetLeft" weight="100">0</Property><Property key="offsetTop" weight="100">0</Property><Property key="offsetWidth" weight="100">100</Property><Property key="outerText" weight="0">消息</Property><Property key="readOnly" weight="0">false</Property><Property key="tagName" weight="100">A</Property><Property key="type" weight="100"></Property><Property key="urlLink" weight="0">http://localhost:8080/duanxueqi/xiaoxi2.jsp</Property><Property key="value" weight="0"></Property></Element></Element></ObjectRepository>