<?xml version="1.0" encoding="UTF-8"?><ObjectRepository><Element><FullName>IEFrame_Parallax Template - Materialize - Internet Explorer</FullName><ImageName></ImageName><Property key="category" weight="100">WINCONTROL</Property><Property key="defaultAction" weight="0"></Property><Property key="description" weight="0"></Property><Property key="elementId" weight="100"></Property><Property key="elementName" weight="100"></Property><Property key="elementPath" weight="100"></Property><Property key="elementPosition" weight="0"></Property><Property key="elementTag" weight="100"></Property><Property key="elementType" weight="100"></Property><Property key="exStyle" weight="0">20000900</Property><Property key="height" weight="100">870</Property><Property key="help" weight="0"></Property><Property key="keyboardShortcut" weight="0"></Property><Property key="location" weight="0">-9,-9</Property><Property key="name" weight="100">Parallax Template - Materialize - Internet Explorer</Property><Property key="position" weight="100">0,0</Property><Property key="role" weight="100">00000009</Property><Property key="state" weight="0">00160000</Property><Property key="style" weight="0">17cf0000</Property><Property key="value" weight="0"></Property><Property key="width" weight="100">1618</Property><Property key="winClass" weight="100">IEFrame</Property><Element><FullName>-_取消 send</FullName><ImageName>33ac370b-6fb9-41b2-8136-ff43fbc13958</ImageName><Property key="category" weight="100">WINCONTROL</Property><Property key="defaultAction" weight="0">按</Property><Property key="description" weight="0"></Property><Property key="elementId" weight="100"></Property><Property key="elementName" weight="100"></Property><Property key="elementPath" weight="100"></Property><Property key="elementPosition" weight="0">1366,840</Property><Property key="elementTag" weight="100"></Property><Property key="elementType" weight="100"></Property><Property key="exStyle" weight="0">40000800</Property><Property key="height" weight="100"></Property><Property key="help" weight="0"></Property><Property key="keyboardShortcut" weight="0"></Property><Property key="location" weight="0">1313,801</Property><Property key="name" weight="100">取消 send</Property><Property key="position" weight="100">1322,810</Property><Property key="role" weight="100">0000002b</Property><Property key="state" weight="0">00100000</Property><Property key="style" weight="0">56000000</Property><Property key="value" weight="0"></Property><Property key="width" weight="100"></Property><Property key="winClass" weight="100">-</Property></Element><Element><FullName>BUTTON_submit_action</FullName><ImageName>279e7271-f9d2-44c4-a8f6-f50f45e677f0</ImageName><Property key="category" weight="100">IECONTROL</Property><Property key="className" weight="0">btn waves-effect waves-light </Property><Property key="description" weight="100">action</Property><Property key="disabled" weight="0">false</Property><Property key="id" weight="100">1,2,6,3,5,1,</Property><Property key="innerId" weight="100"></Property><Property key="innerText" weight="0">取消 send </Property><Property key="name" weight="100">action</Property><Property key="offsetHeight" weight="100">60</Property><Property key="offsetLeft" weight="100">1050</Property><Property key="offsetTop" weight="100">585</Property><Property key="offsetWidth" weight="100">126</Property><Property key="outerText" weight="0">取消 send </Property><Property key="readOnly" weight="0">false</Property><Property key="tagName" weight="100">BUTTON</Property><Property key="type" weight="100">submit</Property><Property key="urlLink" weight="0"></Property><Property key="value" weight="0"></Property></Element><Element><FullName>LI</FullName><ImageName>d5b1c484-77b1-4036-871a-3e51edbe9611</ImageName><Property key="category" weight="100">IECONTROL</Property><Property key="className" weight="0">you waves-effect waves-teal</Property><Property key="description" weight="100"></Property><Property key="disabled" weight="0">false</Property><Property key="id" weight="100">1,2,1,5,</Property><Property key="innerId" weight="100"></Property><Property key="innerText" weight="0">公告</Property><Property key="name" weight="100"></Property><Property key="offsetHeight" weight="100">48</Property><Property key="offsetLeft" weight="100">0</Property><Property key="offsetTop" weight="100">209</Property><Property key="offsetWidth" weight="100">300</Property><Property key="outerText" weight="0">公告</Property><Property key="readOnly" weight="0">false</Property><Property key="tagName" weight="100">LI</Property><Property key="type" weight="100"></Property><Property key="urlLink" weight="0"></Property><Property key="value" weight="0"></Property></Element><Element><FullName>LI_2</FullName><ImageName>c7b2d15b-8a52-43a0-b4a7-d346e6a4c006</ImageName><Property key="category" weight="100">IECONTROL</Property><Property key="className" weight="0">you waves-effect waves-teal</Property><Property key="description" weight="100"></Property><Property key="disabled" weight="0">false</Property><Property key="id" weight="100">1,2,1,7,</Property><Property key="innerId" weight="100"></Property><Property key="innerText" weight="0">评分标准</Property><Property key="name" weight="100"></Property><Property key="offsetHeight" weight="100">48</Property><Property key="offsetLeft" weight="100">0</Property><Property key="offsetTop" weight="100">257</Property><Property key="offsetWidth" weight="100">300</Property><Property key="outerText" weight="0">评分标准</Property><Property key="readOnly" weight="0">false</Property><Property key="tagName" weight="100">LI</Property><Property key="type" weight="100"></Property><Property key="urlLink" weight="0"></Property><Property key="value" weight="0"></Property></Element><Element><FullName>LI_3</FullName><ImageName>ad340379-007e-46dc-93d8-f7f6978f359a</ImageName><Property key="category" weight="100">IECONTROL</Property><Property key="className" weight="0">you waves-effect waves-teal</Property><Property key="description" weight="100"></Property><Property key="disabled" weight="0">false</Property><Property key="id" weight="100">1,2,1,9,</Property><Property key="innerId" weight="100"></Property><Property key="innerText" weight="0">信息修改</Property><Property key="name" weight="100"></Property><Property key="offsetHeight" weight="100">48</Property><Property key="offsetLeft" weight="100">0</Property><Property key="offsetTop" weight="100">305</Property><Property key="offsetWidth" weight="100">300</Property><Property key="outerText" weight="0">信息修改</Property><Property key="readOnly" weight="0">false</Property><Property key="tagName" weight="100">LI</Property><Property key="type" weight="100"></Property><Property key="urlLink" weight="0"></Property><Property key="value" weight="0"></Property></Element><Element><FullName>LI_4</FullName><ImageName>cfc8d7e5-e993-4371-ab52-2d4a9eb3f4c7</ImageName><Property key="category" weight="100">IECONTROL</Property><Property key="className" weight="0">waves-effect waves-teal</Property><Property key="description" weight="100"></Property><Property key="disabled" weight="0">false</Property><Property key="id" weight="100">1,2,1,11,</Property><Property key="innerId" weight="100"></Property><Property key="innerText" weight="0">考试发布</Property><Property key="name" weight="100"></Property><Property key="offsetHeight" weight="100">48</Property><Property key="offsetLeft" weight="100">0</Property><Property key="offsetTop" weight="100">353</Property><Property key="offsetWidth" weight="100">300</Property><Property key="outerText" weight="0">考试发布</Property><Property key="readOnly" weight="0">false</Property><Property key="tagName" weight="100">LI</Property><Property key="type" weight="100"></Property><Property key="urlLink" weight="0"></Property><Property key="value" weight="0"></Property></Element><Element><FullName>LI_5</FullName><ImageName>ac4f97a0-83a7-4174-8b95-c03f8858c9e1</ImageName><Property key="category" weight="100">IECONTROL</Property><Property key="className" weight="0">you waves-effect waves-teal</Property><Property key="description" weight="100"></Property><Property key="disabled" weight="0">false</Property><Property key="id" weight="100">1,2,1,13,</Property><Property key="innerId" weight="100"></Property><Property key="innerText" weight="0">课件发布</Property><Property key="name" weight="100"></Property><Property key="offsetHeight" weight="100">48</Property><Property key="offsetLeft" weight="100">0</Property><Property key="offsetTop" weight="100">401</Property><Property key="offsetWidth" weight="100">300</Property><Property key="outerText" weight="0">课件发布</Property><Property key="readOnly" weight="0">false</Property><Property key="tagName" weight="100">LI</Property><Property key="type" weight="100"></Property><Property key="urlLink" weight="0"></Property><Property key="value" weight="0"></Property></Element><Element><FullName>waves-effect waves-teal-OTHER</FullName><ImageName>983356a1-542d-4c2b-b4b5-a9a8da072c21</ImageName><Property key="category" weight="100">WINCONTROL</Property><Property key="defaultAction" weight="0"></Property><Property key="description" weight="0"></Property><Property key="elementId" weight="100"></Property><Property key="elementName" weight="100"></Property><Property key="elementPath" weight="100">,0,353,LI@#0,0,UL@#0,0,BODY@#0,0,HTML</Property><Property key="elementPosition" weight="0">152,426</Property><Property key="elementTag" weight="100">LI</Property><Property key="elementType" weight="100">OTHER</Property><Property key="exStyle" weight="0">40000800</Property><Property key="height" weight="100">48</Property><Property key="help" weight="0"></Property><Property key="keyboardShortcut" weight="0"></Property><Property key="location" weight="0">0,69</Property><Property key="name" weight="100"></Property><Property key="position" weight="100">9,78</Property><Property key="role" weight="100">0000002a</Property><Property key="state" weight="0">00200040</Property><Property key="style" weight="0">56000000</Property><Property key="value" weight="0"></Property><Property key="width" weight="100">300</Property><Property key="winClass" weight="100">waves-effect waves-teal-OTHER</Property></Element><Element><FullName>you waves-effect waves-teal-OTHER</FullName><ImageName>6285cfe3-0d3a-4807-92bb-5583f0549df6</ImageName><Property key="category" weight="100">WINCONTROL</Property><Property key="defaultAction" weight="0"></Property><Property key="description" weight="0"></Property><Property key="elementId" weight="100"></Property><Property key="elementName" weight="100"></Property><Property key="elementPath" weight="100">,0,401,LI@#0,0,UL@#0,0,BODY@#0,0,HTML</Property><Property key="elementPosition" weight="0">152,486</Property><Property key="elementTag" weight="100">LI</Property><Property key="elementType" weight="100">OTHER</Property><Property key="exStyle" weight="0">40000800</Property><Property key="height" weight="100">48</Property><Property key="help" weight="0"></Property><Property key="keyboardShortcut" weight="0"></Property><Property key="location" weight="0">0,69</Property><Property key="name" weight="100"></Property><Property key="position" weight="100">9,78</Property><Property key="role" weight="100">0000002a</Property><Property key="state" weight="0">00200040</Property><Property key="style" weight="0">56000000</Property><Property key="value" weight="0"></Property><Property key="width" weight="100">300</Property><Property key="winClass" weight="100">you waves-effect waves-teal-OTHER</Property></Element><Element><FullName>you waves-effect waves-teal-OTHER_公告</FullName><ImageName>ce6fde5b-3acd-423f-b8c9-68574f15ef44</ImageName><Property key="category" weight="100">WINCONTROL</Property><Property key="defaultAction" weight="0"></Property><Property key="description" weight="0"></Property><Property key="elementId" weight="100"></Property><Property key="elementName" weight="100"></Property><Property key="elementPath" weight="100">,0,257,LI@#0,0,UL@#0,0,BODY@#0,0,HTML</Property><Property key="elementPosition" weight="0">147,353</Property><Property key="elementTag" weight="100">LI</Property><Property key="elementType" weight="100">OTHER</Property><Property key="exStyle" weight="0">c0000800</Property><Property key="height" weight="100">48</Property><Property key="help" weight="0"></Property><Property key="keyboardShortcut" weight="0"></Property><Property key="location" weight="0">0,330</Property><Property key="name" weight="100">公告</Property><Property key="position" weight="100">9,339</Property><Property key="role" weight="100">00000022</Property><Property key="state" weight="0">00000000</Property><Property key="style" weight="0">56000000</Property><Property key="value" weight="0"></Property><Property key="width" weight="100">300</Property><Property key="winClass" weight="100">you waves-effect waves-teal-OTHER</Property></Element><Element><FullName>考试-ANCHOR_课件发布</FullName><ImageName>70488fa7-4aa2-4252-80ee-abaddda5b85f</ImageName><Property key="category" weight="100">WINCONTROL</Property><Property key="defaultAction" weight="0"></Property><Property key="description" weight="0"></Property><Property key="elementId" weight="100"></Property><Property key="elementName" weight="100"></Property><Property key="elementPath" weight="100">考试,0,497,A@#0,497,LI@#0,497,UL@#0,497,LI</Property><Property key="elementPosition" weight="0">242,593</Property><Property key="elementTag" weight="100">A</Property><Property key="elementType" weight="100">ANCHOR</Property><Property key="exStyle" weight="0">40000800</Property><Property key="height" weight="100">48</Property><Property key="help" weight="0"></Property><Property key="keyboardShortcut" weight="0"></Property><Property key="location" weight="0">0,570</Property><Property key="name" weight="100">课件发布</Property><Property key="position" weight="100">9,579</Property><Property key="role" weight="100">00000022</Property><Property key="state" weight="0">00000000</Property><Property key="style" weight="0">56000000</Property><Property key="value" weight="0"></Property><Property key="width" weight="100">300</Property><Property key="winClass" weight="100">考试-ANCHOR</Property></Element><Element><FullName>课件-ANCHOR</FullName><ImageName>9aee82ad-cda2-41aa-b2fb-45e640130548</ImageName><Property key="category" weight="100">WINCONTROL</Property><Property key="defaultAction" weight="0"></Property><Property key="description" weight="0"></Property><Property key="elementId" weight="100"></Property><Property key="elementName" weight="100"></Property><Property key="elementPath" weight="100">课件,0,449,A@#0,449,LI@#0,449,UL@#0,449,LI</Property><Property key="elementPosition" weight="0">164,539</Property><Property key="elementTag" weight="100">A</Property><Property key="elementType" weight="100">ANCHOR</Property><Property key="exStyle" weight="0">40000800</Property><Property key="height" weight="100">48</Property><Property key="help" weight="0"></Property><Property key="keyboardShortcut" weight="0"></Property><Property key="location" weight="0">0,69</Property><Property key="name" weight="100"></Property><Property key="position" weight="100">9,78</Property><Property key="role" weight="100">0000002a</Property><Property key="state" weight="0">00200040</Property><Property key="style" weight="0">56000000</Property><Property key="value" weight="0"></Property><Property key="width" weight="100">300</Property><Property key="winClass" weight="100">课件-ANCHOR</Property></Element></Element></ObjectRepository>